"id_doc","n_docs","incident_index","time_index","faction","activist","title","fact_eng"
1,5,1,"1966-05-25, 1966-08-05, 1966-11-01, 1966-11-08, 1966-12-27","造反派","聂元梓","宋硕、陆平、彭佩云在文化革命中究竟干些什么？, 聂元梓的广播讲话, 聂元梓在纪念“六·一”五周月大会上的讲话, 邓小平是党内走资本主义道路的当权派！！, 彻底批判刘少奇、邓小平，将无产阶级文化大革命进行到底","Rebel"
2,4,1,"1966-07-01, 1966-07-08, 1966-11-26, 1966-08-26","保守派","北大附中红旗战斗小组","革命造反歌, 烈火包不住，揭开这个盖子, 自来红们站起来了！, 团结起来，狠斗黑帮","Conservative"
3,16,1,"1966-06-01, 1966-06-02, 1966-06-24, 1966-07-04, 1966-07-20, 1966-07-27, 1966-08-16, 1966-11-18, 1966-08-01, 1966-08-12, 1966-08-21, 1966-08-27, 1966-09-01, 1966-09-13, 1966-09-13, 1967-01-21","保守派","清华附中红卫兵","红卫兵誓词, 誓死保卫无产阶级专政！誓死保卫毛泽东思想！, 无产阶级的革命造反精神万岁, 再论无产阶级的革命造反精神万岁, 无产阶级的阶级路线万岁, 三论无产阶级的革命造反精神万岁, 红卫兵, 做顶天立地的人, 红卫兵战歌（歌词）, 撼山易 撼红卫兵难, 毛主席接见了我们“红卫兵”, 对目前形势的十点估计, 四论无产阶级的革命造反精神万岁！──誓做国际红卫兵, 关于红卫兵组织的七个问答, 坚决贯彻十六条, 评《出身论》","Conservative"
4,10,1,"1966-06-02, 1966-08-19, 1966-08-25, 1966-09-16, 1966-10-03, 1966-10-22, 1966-10-22, 1967-01-04, 1967-01-27, 1967-03-29","造反派","人民日报","欢呼北大的一张大字报, 毛主席同红卫兵在天安门上, 红卫兵在“全聚德”点起了革命烈火, 红卫兵最听毛主席的话, 请看红卫兵的辉煌战果和巨大功绩, 红卫兵不怕远征难, 我们的队伍向太阳──记步行两千里来京进行革命串连的海运学院“长征红卫队”, 全家学语录, 首都红卫兵誓当国际革命派埋葬帝修反，苏修集团越是害怕毛泽东思想，我们就越要在全世界大力宣传, 到劳动人民中去锻炼成长──记在北京的外国专家子女自愿下厂劳动","Rebel"
5,1,1,"1966-06-04","造反派","宋一秀","捣毁北大“三家村”黑帮的反动堡垒","Rebel"
6,2,1,"1966-06-06, 1966-08-13","保守派","北京一女中紅衛兵","为废除旧的升学制度给党中央、毛主席的一封信, 拿出主人翁的态度来","Conservative"
7,1,1,"1966-06-10","保守派","北京四中紅衛兵","为废除旧的升学制度给全市师生的倡议书","Conservative"
8,2,1,"1966-06-20, 1966-12-27","造反派","北師大附中少數派","揪出钻进我们肝脏的牛鬼蛇神, 愤怒控诉刘少奇镇压我校无产阶级文化大革命的滔天罪行","Rebel"
9,5,1,"1966-06-28, 1966-06-29, 1966-07-02, 1966-12-27, 1968-07-29","造反派","蒯大富","关于六月二十七日大会声明, 致叶林同志, 再致叶林同志, 彻底摧毁刘、邓资产阶级反动路线，夺取新的胜利, 蒯大富的检讨","Rebel"
10,1,1,"1966-08-01","保守派","不詳","嚎歌","Conservative"
11,1,1,"1966-08-16","保守派","北京市第一火炬中学 火炬战斗小组","把伟大的毛泽东思想的火炬高高举起","Conservative"
12,2,1,"1966-08-16, 1966-08-01","保守派","北京无线电工业学校红卫兵","紧急呼吁, 通告全市","Conservative"
13,1,1,"1966-08-16","保守派","北京101中學紅衛兵","勒令","Conservative"
14,1,2,"1966-09-01","保守派","北京二十六中紅衛兵","破旧立新一百例","Conservative"
15,1,2,"1966-09-03","保守派","北京交中紅衛兵","最后通牒","Conservative"
16,2,1,"1966-08-12, 1966-08-20","保守派","谭力夫","从对联谈起, 谭力夫在 8·20 辩论会上的发言","Conservative"
17,1,1,"1966-08-14","保守派","北航附中红卫兵","关于对联的回答","Conservative"
18,4,1,"1966-08-17, 1967-01-22, 1967-09-01, 1968-01-06","造反派","地院東方紅","北京地质学院东方红公社宣言, 造反就是要夺权, 大野心家、大阴谋家、大军阀彭德怀疯狂反对毛主席革命路线的滔天罪行, 北京地质学院红卫兵砸烂修正主义高薪制度联络站战报","Rebel"
19,2,2,"1966-08-18, 1966-09-26","造反派","清華八八派","王光美是清华园内第一号大扒手, 革命少数赞","Rebel"
20,17,2,"1966-08-19, 1966-08-19, 1966-09-01, 1966-09-01, 1966-10-02, 1966-10-19, 1966-10-22, 1966-11-04, 1966-11-21, 1967-01-10, 1967-01-19, 1967-01-26, 1967-02-04, 1967-02-09, 1967-08-02, 1967-08-22, 1968-12-21","造反派","新华社","毛主席和林彪周恩来等同志接见了学生代表并检阅了文化革命大军的游行, 毛主席同北大革命师生在一起, 北京市人委坚决支持红卫兵造帝国主义的反取缔反动修女会 驱逐八个外国修女, 毛主席接见五十万红卫兵和革命师生, 无产阶级文化大革命高潮中热烈庆祝建国十七周年毛主席检阅一百五十万游行大军, 毛主席第四次接见一百五十万革命小将, 怀着对毛主席的无比热爱 学习红军长征的革命精神──“长征红卫队”步行两千里来京进行革命串连, 毛主席第六次检阅文化革命大军, 中国革命和国际共产主义运动历史上前所未有的伟大革命创举毛主席先后检阅一千一百万文化革命大军, 更高地举起毛主席的无产阶级革命路线的伟大红旗抓革命促生产彻底粉碎资产阶级反动路线的新反扑, 上海无产阶级革命派联合起来夺取报纸领导权紧握人民喉舌的命运毛主席高度称赞这是一个大革命, 黑龙江省四个革命造反组织向全省革命农民发出紧急呼吁农村革命派联合起来彻底粉碎反革命经济主义, 上海三十一个革命组织发表《紧急通告》：革命农民联合起来，粉碎阶级敌人新阴谋抓革命，促生产，夺取革命生产双胜利, 黑龙江省红色造反者夺权斗争的基本经验：革命造反派团结省委内执行毛主席正确路线的主要负责人，同人民解放军的主要负责人，三位一体，联合夺权, “你有你的法西斯'法令'，我有我的抗暴行动！”香港爱国同胞反英抗暴斗争风起云涌, 英帝国主义无视我外交部照会，激起我国人民义愤首都红卫兵对英代办处采取强烈行动一万多示威群众严正指出，英帝必须承担向中国人民挑衅的严重后果, 热烈响应毛主席的伟大号召接受贫下中农的再教育","Rebel"
21,1,2,"1966-08-20","造反派","清华大学1053战斗组","舍得一身剐，敢把皇帝拉下马──评刘少奇七月二十九日讲话","Rebel"
22,1,2,"1966-08-21","保守派","北京市火炬区抗大第一小学革命师生","革命的倡议书","Conservative"
23,2,2,"1966-08-21, 1966-09-06","保守派","宋要武","我给毛主席戴上了红袖章, 在武汉致北京、武汉革命同学的公开信","Conservative"
24,1,2,"1966-08-22","保守派","北京二女中紅衛兵","大造修正主义之反──女二中红卫兵通告","Conservative"
25,1,2,"1966-08-22","保守派","北京市红卫区东方红理发基层商店（原西城区宣内理发基层商店）全体革命职工","告全国理发行业革命职工书","Conservative"
26,1,2,"1966-08-24","保守派","北師大附女中紅衛兵","最后通谍","Conservative"
27,1,2,"1966-08-26","保守派","南师附中红卫兵","南师附中红五类红卫兵大字报四篇","Conservative"
28,1,2,"1966-08-25","保守派","北京一中紅衛兵","十万火急通令 （关于本届北京国际乒乓邀请赛）","Conservative"
29,17,2,"1966-08-25, 1966-08-25, 1966-08-25, 1966-08-26, 1966-08-26, 1966-08-27, 1966-08-29, 1966-09-03, 1966-09-09, 1966-09-09, 1966-09-11, 1966-09-14, 1966-09-14, 1966-09-15, 1966-09-28, 1966-09-28, 1966-09-28","保守派","西糾","首都红卫兵纠察队（西城分队）宣告成立, 首都红卫兵纠察队队员六大任务, 首都红卫兵纠察队队员六项守则, 第二号通令, 第一号通令, 第三号通令, 第四号通令, 第五号通令, 第六号通令, 第七号通令, 第八号通令, 第九号通令, 第十号通令, 一定要坚持文斗, 搬起石头砸自己的脚, 炮打什么样的司令部？, 只许左派造反，不许右派翻天！","Conservative"
30,1,2,"1966-08-26","保守派","北京十四中紅衛兵","告全国同胞书","Conservative"
31,1,2,"1966-08-26","保守派","东方红二中红卫兵","紧急呼吁","Conservative"
32,1,2,"1966-08-26","保守派","清華八九派","清华园必须大“乱”","Conservative"
33,1,2,"1966-08-26","保守派","北京二中紅衛兵","向旧世界宣战","Conservative"
34,1,2,"1966-08-26","保守派","中直某机关红卫兵","致爸爸妈妈们的一封公开信","Conservative"
35,1,2,"1966-08-27","保守派","北京工业学院一中红卫兵","告全市红卫兵紧急呼吁书十万火急──彻底粉碎反革命的复辟阴谋","Conservative"
36,5,2,"1966-08-26, 1966-09-01, 1966-09-06, 1966-09-06, 1966-09-13","保守派","北京机械学院红卫兵","毛泽东红卫兵宣言, 给全国红五类子弟的一封信, 毛泽东主义万岁！, 南下宣言, 紧急呼吁书","Conservative"
37,4,2,"1966-08-27, 1966-08-27, 1966-09-10, 1966-09-22","保守派","一司","首都大专院校红卫兵司令部组织条例（暂行, 宣言, 出征宣言, 革命对联选","Conservative"
38,1,2,"1966-08-29","保守派","北京人大附中紅衛兵","八项禁令","Conservative"
39,6,2,"1966-08-29, 1967-03-07, 1967-03-16, 1967-04-15, 1967-05-01, 1967-05-21","造反派","新北大公社","反修的大示威──北京“反修路”命名大会记实, 反革命修正主义分子杨尚昆反党反社会主义反毛泽东思想的罪行, 揭露刘少奇白区工作中机会主义真面目——刘少奇罪行调查报告之三, 关于邓小平残酷镇压师大女附中无产阶级革命派罪行的调查报告, 地主阶级的孝子贤孙——邓小平, 刘少奇、王光美轶事录－－一九六六年出访巴基斯坦之前","Rebel"
40,1,2,"1966-08-29","造反派","清华大学八一一战斗小组","在骂声中成长","Rebel"
41,1,2,"1966-08-31","保守派","美国在华专家 阳早、史克、寒春、汤普金斯","给外国专家局的大字报：为什么在世界革命的心脏工作的外国人被推上修正主义的道路？？？","Conservative"
42,1,2,"1966-09-01","保守派","北京六中紅衛兵","无产阶级文化大革命的形势好得很","Conservative"
43,1,2,"1966-09-04","保守派","郑兆南","北京五十二中教师郑兆南的遗书","Conservative"
44,14,2,"1966-09-04, 1966-09-20, 1966-10-08, 1966-10-09, 1966-10-14, 1966-10-15, 1966-10-23, 1966-11-04, 1966-11-13, 1966-11-30, 1966-12-11, 1967-01-30, 1967-01-30, 1967-01-31","造反派","三司","首都大专院校红卫兵革命造反总司令部宣言（修定）, 南下宣言, 首都大专院校红卫兵革命造反总司令部第一号通令, 首都大专院校红卫兵革命造反总司令部第二号通令, 首都大专院校红卫兵革命造反总司令部第三号通令, 彻底打倒折衷主义, 一切权力归左派, 首都大专院校红卫兵革命造反总司令部第四号通令, 非平这个反不可, 再论坚决平反、彻底平反

, 首都大专院校红卫兵革命造反总司令部第五号通令： 解散纠察队, 首都三司驻杭州联络站对浙江全省经济主义的调查报告, 首都大专院校红卫兵革命造反总司令部第六号通令：不许招摇撞骗, 打倒“私”字，实行革命造反派大联合","Rebel"
45,2,2,"1966-09-05, 1966-09-05","保守派","二司","首都大专院校红卫兵总部宣言（草案）, 首都大专院校红卫兵总部组织条例（草案）","Conservative"
46,1,2,"1966-09-06","保守派","北京工艺美术学校延安战斗小组","给非红五类出身同学的一封信","Conservative"
47,16,2,"1966-09-07, 1966-09-12, 1966-09-23, 1966-09-23, 1966-09-23, 1966-09-27, 1966-09-28, 1966-09-29, 1966-12-25, 1967-01-11, 1967-01-16, 1967-01-16, 1967-04-14, 1967-07-08, 1967-11-16, 1967-11-16","造反派","清华大学井冈山兵团","革命的“怀疑一切”万岁, 再论革命的怀疑一切──砸碎形而上学的谬论, 井冈山红卫兵筹备建立委员会第二号决议──关于对待各种组织的态度, 井冈山红卫兵筹备建立委员会第一号决议──关于组织原则, 井冈山红卫兵宣言（草案）, 井冈山红卫兵总部 第四号决议──关于转抄印发首长讲话问题, 井冈山红卫兵第三号决议, 井冈山红卫兵总部第五号决议──关于保护少数, 一百个为什么, 智擒王光美, “秋后算账论”可以休矣, 王光美究竟是什么货色, 论造反派, 邓修外传, 草原的来信, 志愿上山下乡的革命小将给毛主席的致敬信","Rebel"
48,3,2,"1966-09-10, 1966-09-10, 1966-09-10","保守派","東糾","《红卫兵战报》发刊词, 第一号通令, 宣言","Conservative"
49,2,2,"1966-09-10, 1966-11-21","保守派","大连海运学院长征队","长征宣言书, 大海航行靠舵手万物生长靠太阳，干革命靠的是毛泽东思想──大连海运学院长征队在""全国在京革命师生步行回本单位长征誓师大会""上的讲话

","Conservative"
50,1,2,"1966-09-10","保守派","江苏扬州中学初一学生 郭苏扬","毛泽东思想指引着我前进","Conservative"
51,1,2,"1966-09-18","造反派","南京东方红大学八二一红卫兵","无产阶级文化大革命中的两封匿名信原文和当时的按语","Rebel"
52,1,2,"1966-09-22","保守派","哈尔滨市红五类子弟造反大会","鬼见愁──红色恐怖万岁","Conservative"
53,6,2,"1966-09-24, 1966-09-28, 1966-10-11, 1966-11-04, 1967-01-08, 1967-01-27","造反派","北航紅旗","谈两条路线的斗争, 论少数, 论“怀疑一切”, 毛主席的大民主万岁！, 革命少数派，向何处去──四谈两条路线的斗争, 北航的一切领导权归“红旗”：北京航空学院红旗战斗队夺权声明","Rebel"
54,2,101,"1966-09-25, 1966-09-25","保守派","上海市红卫兵总部","上海市红卫兵总部第二号通令, 上海市红卫兵总部第一号通令","Conservative"
55,1,3,"1966-10-05","造反派","广州中山医学院管教队","中山医学院管教队工作总结","Rebel"
56,1,3,"1966-10-06","造反派","全国在京革命师生向资产阶级反动路线猛烈开火誓师大会","向资产阶级反动路线猛烈开火──全国在京革命师生誓师大会通电","Rebel"
57,1,3,"1966-10-10","保守派","首都红卫兵 锉刀","触及你的灵魂──没错","Conservative"
58,1,3,"1966-10-12","造反派","郭嘉宏","控诉书──愤怒控诉镇江市委工作组对我监禁四个月的政治迫害","Rebel"
59,1,3,"1966-10-12","造反派","北京工业大学东方红公社","谭力夫讲话注释","Rebel"
60,1,3,"1966-10-23","造反派","北京电影学院红卫兵","北京电影学院""红旗长征队""出征宣言","Rebel"
61,10,3,"1966-11-11, 1966-11-07, 1966-11-07, 1966-11-10, 1966-11-10, 1966-11-11, 1966-11-20, 1967-01-10, 1967-01-10, 1967-11-15","造反派","北師大井岡山戰鬥兵團","给中央文革的第一个战报（摘抄）, 火烧孔家店──讨孔宣言, 下定决心，不怕牺牲，排除万难去争取胜利(井冈山红卫兵战士满怀革命豪情在天安门宣誓), 发刊词： 捣毁孔家店 ， 彻底闹革命， 为树立毛泽东思想的绝对权威而战！, 告全国革命人民书, 就“全国重点保护单位 – 孔府、孔庙、孔林”一事给国务院的一封抗议信, 彻底打倒“孔家店”，树立毛泽东思想的绝对权威十点建议, “孔子讨论会”是牛鬼蛇神向党进攻的黑会, 牛鬼蛇神在“孔子讨论会”上放了些什么毒, 谭厚兰的检查","Rebel"
62,2,3,"1966-11-01, 1967-01-30","造反派","哈尔滨军事工程学院红色造反团","我们与八八红旗战斗团领导人分歧的由来和发展, 上海市委招生广告","Rebel"
63,3,101,"1966-11-09, 1966-11-09, 1967-01-25","造反派","上海市工人革命造反总司令部","上海市工人革命造反总司令部宣言, 上海市工人革命造反总司令部宣言（草案）, 展开全面夺权斗争，把革命农民运动推向新高潮！","Rebel"
64,1,101,"1966-11-10","造反派","上海海运学院红革会 一红卫兵","造反派的脾气","Rebel"
65,3,3,"1966-11-21, 1966-11-21, 1966-11-21","保守派","全国在京革命师生步行回本单位长征誓师大会","全国在京革命师生步行回本单位长征誓师大会倡议, 全国在京革命师生步行回本单位长征誓师大会给毛主席的一封信, 全国在京革命师生步行回本单位长征誓师大会向毛主席宣誓誓词","Conservative"
66,1,3,"1966-12-16","造反派","北京一中少數派","北京一中“劳改队”","Rebel"
67,1,3,"1966-12-11","造反派","毛远新","我为什么参加红色造反团","Rebel"
68,1,3,"24449","造反派","国棉十七厂永远忠于毛泽东思想战斗队

","揭露以施惠珍为首的市委工作队的资产阶级反动路线","Rebel"
69,1,3,"1966-12-27","造反派","中共中央党校红旗战斗队","彻底批判刘少奇、邓小平为代表的资产阶级反动路线

","Rebel"
70,1,3,"1966-12-27","造反派","中国人民大学红卫兵","邓小平是镇压我校文化大革命的罪魁祸首","Rebel"
71,2,3,"1966-12-27, 1966-12-27","造反派","彻底批判刘、邓资产阶级反动路线大会","给毛主席的一封信, 首都“彻底批判刘、邓资产阶级反动路线大会”通电","Rebel"
72,2,3,"1966-12-27, 1967-01-06","造反派","谭厚兰","向中国修正主义的黑司令刘少奇、邓小平猛烈开火, 在毛主席无产阶级革命路线的旗帜下，组成一支浩浩荡荡的文化革命大军","Rebel"
73,2,7,"1967-08-01, 1967-10-01","造反派","北京外語學院紅旗革命造反團","独立王国“皇帝”邓小平的丑恶灵魂——访邓小平私人医生谈话紀要, 陈毅反毛主席罪恶史","Rebel"
74,3,8,"1967-11-01, 1967-06-04, 1967-07-11","造反派","南開大學「八一八」紅色造反團","毛泽东思想的伟大胜利──我们是如何揪出刘少奇大叛徒集团的？, 对各“抓叛徒”战斗队的命令, 打倒叛徒哲学","Rebel"
75,1,3,"1967-01-03","造反派","北京六中少數派","刘邓路线在六中的滔天罪行","Rebel"
76,1,3,"1967-01-02","造反派","刘涛","看，刘少奇的丑恶灵魂","Rebel"
77,1,101,"1967-01-04","造反派","文汇报星火燎原革命造反总部","告读者书","Rebel"
78,1,101,"1967-01-04","造反派","上海《文汇报》","抓革命，促生产彻底粉碎资产阶级反动路线的新反扑──告上海全市人民书","Rebel"
79,1,101,"1967-01-05","造反派","《解放日报》革命造反联合司令部","告读者书","Rebel"
80,2,101,"1967-01-08, 1967-01-09","造反派","文汇报、解放日报聯合述評","工农群众、革命学生和革命干部大联合大团结坚决贯彻毛主席的革命路线上海革命造反派向资产阶级反动路线发起总攻击, 向毛主席致敬电","Rebel"
81,1,101,"1967-01-09","造反派","上海十一个革命造反组织","紧急通告","Rebel"
82,1,3,"1967-01-13","造反派","李訥","《解放军报》向何处去？","Rebel"
83,1,3,"1967-01-13","造反派","首都职工革命造反总部铁路分部","告全国革命铁路员工书","Rebel"
84,3,3,"1967-01-14, 1967-01-25, 1967-02-07","造反派","山西革命造反总指挥部","山西革命造反总指挥部第一号通告, 山西革命造反总指挥部全体革命造反派给毛主席的致敬电, 第三号通告","Rebel"
85,2,4,"1967-01-20, 1967-02-27","造反派","浙江省革命造反联合总指挥部","打倒农村中反革命经济主义的紧急通告, 血泪斑斑的合同包工外包工制度","Rebel"
86,3,4,"1967-01-22, 1967-01-22, 1967-02-11","造反派","青岛市革命造反委员会","青岛市革命造反委员会第一号通令, 青岛市革命造反委员会告全市人民书, 第四号紧急通告","Rebel"
87,2,4,"1967-01-22, 1967-01-22","造反派","西安军事电讯工程学院文革临委会","青岛市革命造反委员会给毛主席的致敬电, 一切权力归革命造反派","Rebel"
88,1,4,"1967-01-24","保守派","贺捷生","打倒军内反党篡军大头目贺龙——采访贺龙女儿贺捷生","Conservative"
89,2,4,"1967-01-25, 1967-02-03","造反派","贵州无产阶级革命造反总指挥部","贵州无产阶级革命造反总指挥部通告, 十项通令","Rebel"
90,1,101,"1967-01-26","造反派","川沙县严桥公社贫下中农革命造反司令部","革命农民造反之势锐不可挡","Rebel"
91,1,4,"1967-01-27","造反派","我国途经莫斯科回国的全体留欧学生","给毛主席的致敬电","Rebel"
92,2,4,"1967-01-27, 1967-03-17","造反派","宁夏无产阶级革命派联合委员会","宁夏无产阶级革命派联合委员会夺权公告, 宁夏革命造反派关于宁夏军区个别领导人的重要声明","Rebel"
93,2,4,"1967-01-31, 1967-01-31","造反派","黑龙江省红色造反者革命委员会","第一号通告, 呼吁书","Rebel"
94,2,4,"1967-02-01, 1967-02-23","造反派","北京政法学院政法公社","彻底清算反革命修正主义分子陈云的滔天罪行, 桃园调查纪实","Rebel"
95,1,5,"1967-03-15","保守派","唐桦","唐桦同志在北京市中等学校揭露批判刘邓资产阶级反动路线大会上的控诉","Conservative"
96,1,5,"1967-03-15","保守派","唐锡阳","唐锡阳同志在北京市中等学校揭露批判刘邓资产阶级反动路线大会上的控诉","Conservative"
97,1,4,"1967-02-05","造反派","广州大专院校红卫兵革命造反总司令部","评中共广东省委的《告全省党员、干部、人民书》","Rebel"
98,1,101,"1967-02-05","造反派","上海人民公社","一月革命胜利万岁！──上海人民公社宣言","Rebel"
99,1,4,"1967-02-10","造反派","哈尔滨师范学院毛泽东思想红卫兵红色造反团","在两条路线斗争中争取和团结大多数","Rebel"
100,1,4,"1967-02-14","造反派","广州一司","毛泽东思想的新胜利","Rebel"
101,1,4,"1967-02-14","造反派","华南工学院东方红公社","谈广州的夺权斗争","Rebel"
102,1,5,"1967-02-16","造反派","《南方日报》革命造反者第三总部","省委“交权”是个大阴谋","Rebel"
103,1,5,"1967-02-18","造反派","广州三司","砸烂旧省委，踢开“省革联”实现全面大联合大夺权！","Rebel"
104,1,5,"1967-02-22","造反派","北京轻工业学院东方红公社","大毒草《出身论》必须连根铲除","Rebel"
105,6,5,"1967-02-22, 1967-02-22, 1967-02-22, 1967-02-23, 1967-08-11, 1968-12-01","造反派","首都大专院校红卫兵代表大会","首都大专院校红卫兵代表大会告全国红卫兵书, 首都大专院校红卫兵代表大会给毛主席的致敬信, 首都大专院校红卫兵代表大会宣言, 重要通告, 彻底砸烂以陈毅为首的外交部特权阶层, 写在火红的战旗上——红卫兵诗选","Rebel"
106,1,101,"1967-02-23","造反派","上海市革命委员会","当前上海文化大革命的形势和任务（上海市革命委员会决议草案，供各革命组织、革命群众讨论和试行）","Rebel"
107,1,101,"1967-02-25","造反派","上海体育战线革命造反司令部鲁迅兵团东方红战斗队","我们鲁迅兵团向何处去？","Rebel"
108,1,101,"1967-02-26","造反派","《红旗》","推荐两篇好文章（一九六七年第四期短评）","Rebel"
109,1,101,"1967-02-26","造反派","上海《体育战报》","为“东方红”小将的一张大字报叫好","Rebel"
110,1,5,"1967-02-27","造反派","北京家庭出身问题第三研究小组","《唯出身论》和《出身论》都是反马列主义反毛泽东思想的","Rebel"
111,2,5,"1967-03-08, 1967-04-07","造反派","北京大学文化革命委员会","革命派内部应求大同存小异──对实现无产阶级革命派大联合的几点看法, 陆定一是封建地主阶级的孝子贤孙","Rebel"
112,6,5,"1967-03-25, 1967-03-25, 1967-03-25, 1967-06-01, 1967-11-11, 1968-02-29","造反派","首都中学红代会","首都中等学校红卫兵代表大会告全国中等学校红卫兵书, 首都中等学校红卫兵代表大会给毛主席的致敬信, 首都中等学校红卫兵代表大会宣言, 反革命修正主义分子胡耀邦反毛泽东思想罪行录, 中学红代会呼吁书──走彻底革命化道路, 红卫兵组织条例《草案》","Rebel"
113,1,5,"1967-04-01","造反派","湖南省体委戴以珍事件平反调查组","戴以珍事件：“打击一大片，保护一小撮”的资产阶级反动路线所欠下的又一笔血债！","Rebel"
114,2,6,"1967-04-01, 1967-08-01","保守派","聯動","最紧急通告（中发7434密字3452）, 紧急联合通告（中发7431密字3452）","Conservative"
115,3,6,"1967-04-15, 1967-12-01, 1968-04-20","造反派","重庆大学八一五战斗团","腐朽糜烂的资产阶级生活方式, 大局已定，八一·五必胜──评四川时局, 重庆大学八·一五战斗团关于揪斗反革命修正主义分子李井泉有关问题给中央、省、市革筹组的再次汇报","Rebel"
116,1,6,"1967-04-26","造反派","上海市第六女中红卫兵团","革命的大批判促进了革命的大联合──我们是怎样在批判党内头号走资本主义道路当权派的斗争中实现革命大联合的？","Rebel"
117,6,6,"1967-05-02, 1967-05-23, 1967-05-25, 1967-05-31, 1967-06-01, 1967-06-02","造反派","广东省委机关东风公社","赵紫阳海南之行大肆贩卖刘少奇黑货 疯狂攻击社会主义, 坚决打倒广东头号走资本主义道路当权派赵紫阳——问罪一百条, 一个复辟资本主义的黑纲领: 陶、赵、区一伙在边防管理和建设等方面犯下的滔天罪行, 赵紫阳在广东农村贯串了一条又长又粗的刘邓路线, 赵紫阳在“四清”运动中蹲点所干的反毛泽东思想的罪行, 赵紫阳在中山坦洲公社所干的罪恶勾当","Rebel"
118,1,6,"1967-06-11","造反派","北京新四中公社","“四·三”，“四·四”派斗争的意义","Rebel"
119,1,6,"1967-06-13","造反派","卫生部井冈山联合战斗兵团","反革命“会诊”案件内幕——阴谋包庇攻击林彪同志的现行反革命分子严慰冰反革命案件始末","Rebel"
120,2,6,"1967-06-17, 1967-06-17","造反派","四川省革命委员会筹备小组","愤怒声讨李井泉的滔天罪行, 李井泉是大西南的赫鲁晓夫","Rebel"
121,2,6,"1967-06-27, 1967-10-28","造反派","北京市城建系统革命造反联络总部","看!彭真等贵族老爷在香山的腐朽生活, 从住房问题上看刘少奇的丑恶灵魂","Rebel"
122,1,6,"1967-07-01","造反派","上海原公安人员斗批改小组","彻底砸烂反革命修正主义分子黄赤波","Rebel"
123,1,6,"1967-07-01","造反派","武汉「新华农」","放开我，妈妈！","Rebel"
124,1,6,"1967-07-01","造反派","彻底摧毁旧北京市委战斗兵团","惊心动魄的“宫廷政变”阴谋－－揭发在刘少奇、邓小平的支持下，彭真反革命修正主义集团精心策划的“畅观楼”反革命事件","Rebel"
125,1,7,"1967-07-27","造反派","北京二十五中革命委员会","彻底砸烂修正主义的全日制","Rebel"
126,1,7,"1967-07-31","造反派","武汉地区无产阶级革命派总指挥部","紧急通告","Rebel"
127,4,7,"1967-08-01, 1967-08-01, 1967-08-01, 1967-08-01","造反派","原北京市人委《革命造反队》","触目惊心的高薪阶层, 三揭触目惊心的高薪阶层, 四揭触目惊心的高薪阶层, 再揭触目惊心的高薪阶层","Rebel"
128,1,7,"1967-08-01","造反派","王前","毒手——控诉刘少奇对我的政治迫害","Rebel"
129,1,7,"1967-08-01","造反派","陕西师范大学“八一”战斗队","三反分子习仲勋的罪恶历史","Rebel"
130,2,7,"1967-08-18, 1967-10-01","造反派","南开大学卫东红卫兵","要大胆使用革命干部, 彻底砸烂反革命裴多菲俱乐部——“二流堂”","Rebel"
131,1,8,"1967-08-24","造反派","贵州「四一一」
","贵州大学踏平“四一一”后的公告","Rebel"
132,1,8,"1967-09-01","造反派","武漢鋼二司","大淫棍、大流氓陈再道的腐化生活","Rebel"
133,1,8,"1967-09-01","造反派","復旦大學革命委員會","文化革命的伟大旗手——江青同志","Rebel"
134,1,8,"1967-09-02","造反派","《新江苏简讯》","南京两派分歧简介/南京两派组织简介","Rebel"
135,1,8,"1967-09-08","造反派","王海容","王力“八·七”讲话的要害是向中央夺权","Rebel"
136,1,8,"1967-09-10","造反派","上海时代中学 陆荣根","炮轰陶铸","Rebel"
137,1,8,"1967-09-15","造反派","原北京市委机关毛泽东思想红旗兵团","彭真的腐朽生活罪行","Rebel"
138,1,8,"1967-11-01","造反派","中山大学革命造反委员会","反革命修正主义分子赵紫阳罪恶言行汇编","Rebel"
139,2,8,"1967-11-25, 1967-12-09","造反派","宁夏无产阶级革命派总指挥部政治部","宁夏赴京汇报代表团关于停止互相攻击、收缴武器、制止武斗的协议, 关于实现宁夏革命大联合的协议","Rebel"
140,1,8,"1967-09-08","造反派","广东工革联","如此赵紫阳（丑闻点滴）","Rebel"
141,1,8,"1967-12-14","造反派","从化县良口公社联平大队贫下中农特别法庭","从化县良口公社联平大队贫下中农特别法庭的布告","Rebel"
142,11,8,"1967-12-18, 1967-12-19, 1967-12-19, 1968-01-03, 1968-01-10, 1968-04-13, 1968-04-13, 1968-04-14, 1968-04-26, 1968-06-14, 1968-07-08","造反派","南方日报","彻底批倒批臭广东党内最大的走资派赵紫阳, 彻底批判赵紫阳反党反社会主义反毛泽东思想的滔天罪行, 广州革命群众穷追猛打“落水狗”赵紫阳, 把赵紫阳的伪装剥去 还其反革命的本来面目, 广东省直机关联合举行斗争赵紫阳大会, 广东“桃园”——关于广东党内最大的走资派赵紫阳在中山县库充大队搞假四清，妄图复辟资本主义的情况调查, 赵紫阳在广大革命群众狠斗狠批下狼狈不堪, 广州市工代会工人纠察队批判和斗争赵紫阳大会纪要, 戳穿一个假检查真反扑的大阴谋——评广东党内最大的走资派赵紫阳的《我的检查》, 彻底清算赵紫阳在广东农村复辟资本主义的滔天罪行, 清算赵紫阳推行修正主义建党路线的罪行","Rebel"
143,2,8,"1967-12-19, 1968-01-06","造反派","中山大學「中大红旗」","一个复辟资本主义的黑纲领——评赵紫阳的新农村, 赵紫阳“三权并立”的要害是篡党","Rebel"
144,1,8,"1968-01-01","造反派","广东省直属机关革命造反联络站","把赵紫阳揪上审判台——赵紫阳镇压省直机关文化大革命的滔天罪行","Rebel"
145,1,9,"1968-03-24","造反派","广西柳铁《红卫兵战报》编辑部","今日的“哥达纲领”──评“倒旗协议”","Rebel"
146,1,9,"1968-04-01","造反派","北京农业大学革命委员会","坚决打倒老反革命谭震林","Rebel"
147,1,9,"1968-05-19","造反派","杭州发电设备厂革命造反联合总司令部","北京军区某毛泽东思想学习班天津班一日生活毛泽东思想化的具体做法","Rebel"
148,1,10,"1968-08-11","造反派","原广东省粮食厅大联筹","清算赵紫阳在粮食工作上推行修正主义路线的罪行","Rebel"
149,1,10,"1968-08-28","造反派","江西省会昌县门岭公社革命委员会","江西省会昌县门岭公社革命委员会三结合（公社、大队、生产队）毛泽东思想宣传队关于查组织、挖黑线、追枪支的情况汇报","Rebel"
150,1,10,"1968-11-30","造反派","陈鹤峰专案小组","关于陈鹤峰反党、反社会主义、反毛泽东思想的罪行（供批判用）","Rebel"
151,1,10,"1968-12-01","造反派","内蒙古集宁一中红炮兵","滕海清同志背着中央干了些什么?","Rebel"
152,1,10,"1969-10-01","造反派","中国科学院革委会","在新沙皇的统治下——我国归国留苏学生愤怒揭发苏修叛徒集团在国内复辟资本主义的罪恶事实1969-10-0","Rebel"
